Participant Id,TaskType,Set Completion DateTime,Response Time,Correct Response,Target Present,Set Size
jamesl,Spatial-configuration Search,Fri Mar 18 2016 17:20:48 GMT+1100 (AUS Eastern Daylight Time),567,true,true,20
jamesl,Spatial-configuration Search,Fri Mar 18 2016 17:20:48 GMT+1100 (AUS Eastern Daylight Time),339,false,false,40
jamesl,Spatial-configuration Search,Fri Mar 18 2016 17:20:48 GMT+1100 (AUS Eastern Daylight Time),276,false,false,40
jamesl,Spatial-configuration Search,Fri Mar 18 2016 17:20:48 GMT+1100 (AUS Eastern Daylight Time),219,true,true,40
jamesl,Spatial-configuration Search,Fri Mar 18 2016 17:20:48 GMT+1100 (AUS Eastern Daylight Time),194,false,false,40
jamesl,Spatial-configuration Search,Fri Mar 18 2016 17:20:48 GMT+1100 (AUS Eastern Daylight Time),276,false,false,40
jamesl,Spatial-configuration Search,Fri Mar 18 2016 17:20:48 GMT+1100 (AUS Eastern Daylight Time),204,false,false,30
jamesl,Spatial-configuration Search,Fri Mar 18 2016 17:20:48 GMT+1100 (AUS Eastern Daylight Time),293,false,false,20
jamesl,Spatial-configuration Search,Fri Mar 18 2016 17:20:48 GMT+1100 (AUS Eastern Daylight Time),243,true,true,30
jamesl,Spatial-configuration Search,Fri Mar 18 2016 17:20:48 GMT+1100 (AUS Eastern Daylight Time),261,true,true,10
jamesl,Spatial-configuration Search,Fri Mar 18 2016 17:20:48 GMT+1100 (AUS Eastern Daylight Time),222,true,true,20
jamesl,Spatial-configuration Search,Fri Mar 18 2016 17:20:48 GMT+1100 (AUS Eastern Daylight Time),714,true,true,20
jamesl,Spatial-configuration Search,Fri Mar 18 2016 17:20:48 GMT+1100 (AUS Eastern Daylight Time),109,false,false,10
jamesl,Spatial-configuration Search,Fri Mar 18 2016 17:20:48 GMT+1100 (AUS Eastern Daylight Time),27,false,false,30
jamesl,Spatial-configuration Search,Fri Mar 18 2016 17:20:48 GMT+1100 (AUS Eastern Daylight Time),353,true,true,30
jamesl,Spatial-configuration Search,Fri Mar 18 2016 17:20:48 GMT+1100 (AUS Eastern Daylight Time),346,false,false,20
jamesl,Spatial-configuration Search,Fri Mar 18 2016 17:20:48 GMT+1100 (AUS Eastern Daylight Time),370,false,false,40
jamesl,Spatial-configuration Search,Fri Mar 18 2016 17:20:48 GMT+1100 (AUS Eastern Daylight Time),449,false,false,20
jamesl,Spatial-configuration Search,Fri Mar 18 2016 17:20:48 GMT+1100 (AUS Eastern Daylight Time),34,true,true,40
jamesl,Spatial-configuration Search,Fri Mar 18 2016 17:20:48 GMT+1100 (AUS Eastern Daylight Time),76,false,false,40
jamesl,Spatial-configuration Search,Fri Mar 18 2016 17:20:48 GMT+1100 (AUS Eastern Daylight Time),291,true,true,30
jamesl,Spatial-configuration Search,Fri Mar 18 2016 17:20:48 GMT+1100 (AUS Eastern Daylight Time),105,false,false,20
jamesl,Spatial-configuration Search,Fri Mar 18 2016 17:20:48 GMT+1100 (AUS Eastern Daylight Time),50,true,true,30
jamesl,Spatial-configuration Search,Fri Mar 18 2016 17:20:48 GMT+1100 (AUS Eastern Daylight Time),25,false,false,20
jamesl,Spatial-configuration Search,Fri Mar 18 2016 17:20:48 GMT+1100 (AUS Eastern Daylight Time),6,false,false,10
jamesl,Spatial-configuration Search,Fri Mar 18 2016 17:20:48 GMT+1100 (AUS Eastern Daylight Time),363,false,false,30
jamesl,Spatial-configuration Search,Fri Mar 18 2016 17:20:48 GMT+1100 (AUS Eastern Daylight Time),184,false,false,30
jamesl,Spatial-configuration Search,Fri Mar 18 2016 17:20:48 GMT+1100 (AUS Eastern Daylight Time),200,true,true,10
jamesl,Spatial-configuration Search,Fri Mar 18 2016 17:20:48 GMT+1100 (AUS Eastern Daylight Time),209,false,false,20
jamesl,Spatial-configuration Search,Fri Mar 18 2016 17:20:48 GMT+1100 (AUS Eastern Daylight Time),384,true,true,20
jamesl,Spatial-configuration Search,Fri Mar 18 2016 17:20:48 GMT+1100 (AUS Eastern Daylight Time),325,true,true,30
jamesl,Spatial-configuration Search,Fri Mar 18 2016 17:20:48 GMT+1100 (AUS Eastern Daylight Time),286,true,true,30
jamesl,Spatial-configuration Search,Fri Mar 18 2016 17:20:48 GMT+1100 (AUS Eastern Daylight Time),277,true,true,40
jamesl,Spatial-configuration Search,Fri Mar 18 2016 17:20:48 GMT+1100 (AUS Eastern Daylight Time),276,false,false,30
jamesl,Spatial-configuration Search,Fri Mar 18 2016 17:20:48 GMT+1100 (AUS Eastern Daylight Time),287,true,true,30
jamesl,Spatial-configuration Search,Fri Mar 18 2016 17:20:48 GMT+1100 (AUS Eastern Daylight Time),291,false,false,40
jamesl,Spatial-configuration Search,Fri Mar 18 2016 17:20:48 GMT+1100 (AUS Eastern Daylight Time),244,false,false,10
jamesl,Spatial-configuration Search,Fri Mar 18 2016 17:20:48 GMT+1100 (AUS Eastern Daylight Time),269,false,false,10
jamesl,Spatial-configuration Search,Fri Mar 18 2016 17:20:48 GMT+1100 (AUS Eastern Daylight Time),236,false,false,30
jamesl,Spatial-configuration Search,Fri Mar 18 2016 17:20:48 GMT+1100 (AUS Eastern Daylight Time),227,true,true,10
jamesl,Spatial-configuration Search,Fri Mar 18 2016 17:20:48 GMT+1100 (AUS Eastern Daylight Time),150,false,false,10
jamesl,Spatial-configuration Search,Fri Mar 18 2016 17:20:48 GMT+1100 (AUS Eastern Daylight Time),101,true,true,10
jamesl,Spatial-configuration Search,Fri Mar 18 2016 17:20:48 GMT+1100 (AUS Eastern Daylight Time),221,false,false,10
jamesl,Spatial-configuration Search,Fri Mar 18 2016 17:20:48 GMT+1100 (AUS Eastern Daylight Time),204,false,false,20
jamesl,Spatial-configuration Search,Fri Mar 18 2016 17:20:48 GMT+1100 (AUS Eastern Daylight Time),109,true,true,20
jamesl,Spatial-configuration Search,Fri Mar 18 2016 17:20:48 GMT+1100 (AUS Eastern Daylight Time),132,true,true,40
jamesl,Spatial-configuration Search,Fri Mar 18 2016 17:20:48 GMT+1100 (AUS Eastern Daylight Time),252,true,true,40
jamesl,Spatial-configuration Search,Fri Mar 18 2016 17:20:48 GMT+1100 (AUS Eastern Daylight Time),213,true,true,20
jamesl,Spatial-configuration Search,Fri Mar 18 2016 17:20:48 GMT+1100 (AUS Eastern Daylight Time),117,true,true,10
jamesl,Spatial-configuration Search,Fri Mar 18 2016 17:20:48 GMT+1100 (AUS Eastern Daylight Time),229,true,true,40
jamesl,Spatial-configuration Search,Fri Mar 18 2016 17:20:48 GMT+1100 (AUS Eastern Daylight Time),237,true,true,10
jamesl,Spatial-configuration Search,Fri Mar 18 2016 17:20:48 GMT+1100 (AUS Eastern Daylight Time),221,true,true,10
